<?xml version="1.0" encoding="UTF-8"?>
<templates id="template" xml:space="preserve">

    <t t-extend="Orderline">
        <t t-jquery=".info-list" t-operation="append">
            <t t-if="line.get_note()">
                <li class="info orderline-note">
                    <i class='fa fa-tag'/><t t-esc="line.get_note()" />
                </li>
            </t>
        </t>
    </t>

    <t t-name="OrderlineNoteButton">
        <div class='control-button'>
            <i class='fa fa-tag' /> Note
        </div>
    </t>
    
    <t t-extend="PaymentScreenWidget">
        <t t-jquery="t[t-if='widget.pos.config.iface_cashdrawer']" t-operation="after">
            <t t-if='widget.pos.config.iface_orderline_notes'>
                <div class='button js_note'>
                    <i class='fa fa-tag' /> Note
                </div>
            </t>
        </t>
     </t>

</templates>
