<?xml version="1.0" encoding="UTF-8"?>
<templates id="template" xml:space="preserve">

    <t t-extend="Chrome">
        <t t-jquery="img.pos-logo" t-operation='replace'>
            <img class="pos-logo" src="/pos_demo/static/src/img/logo-m.png" style="padding-top: 5px"/>
        </t>
    </t>

    <t t-extend="NumpadWidget">
        <t t-jquery=".numpad-backspace" t-operation="replace" >
            <button class="input-button numpad-backspace">
                <img style="pointer-events: none;" src="/bridgify/static/src/img/backspace.png" width="24" height="21" />
            </button>
        </t>
    </t>

    <t t-extend="PaymentScreen-Numpad">
        <t t-jquery=".numpad-backspace" t-operation="replace" >
            <button class="input-button numpad-backspace" data-action='BACKSPACE' >
                <img src="/bridgify/static/src/img/backspace.png" width="24" height="21" />
            </button>
        </t>
    </t>

    <t t-extend="OrderSelectorWidget">
        <t t-jquery="span.select-order.selected" t-operation="inner">
            <span class='order-sequence'>
                <t t-esc='order.sequence_number' />
            </span>
            <!-- Change time format to HH:mm -->
            <t t-esc="moment(order.creation_date).format('HH:mm')"/>
        </t>
    </t>

    <t t-extend="PosTicket">
      <t t-jquery="div.pos-sale-ticket" t-operation="replace" >

        <div class="pos-sale-ticket">
            <t t-if="receipt.bill_width === '32'">
                <style>
@media print {
    .pos .pos-sale-ticket {
        padding-left: 0 !important;
        width: 166px !important;
    }
}
                </style>
            </t>
            <div class="receipt-header" style='text-align:center'>
                <t t-if='receipt.company.logo and receipt.company.display_logo'>
                    <img t-att-src='receipt.company.logo' />
                </t>

                <div font='b'>
                    <t t-if='!receipt.company.logo or !receipt.company.display_logo'>
                        <h3><t t-esc='receipt.company.name' /></h3>
                    </t>
                    <t t-if="receipt.company.receipt_address_location === 'below-image'">
                        <t t-if='receipt.company.contact_address'>
                            <div><t t-raw='receipt.company.contact_address' /></div>
                        </t>
                        <t t-if='receipt.company.vat'>
                            <div>VAT:<t t-esc='receipt.company.vat' /></div>
                        </t>
                        <t t-if='receipt.company.phone and receipt.company.display_phone'>
                            <div>Tel:<t t-esc='receipt.company.phone' /></div>
                        </t>
                        <t t-if='receipt.company.email and receipt.company.display_email'>
                            <div><t t-esc='receipt.company.email' /></div>
                        </t>
                        <t t-if='receipt.company.website and receipt.company.display_website'>
                            <div><t t-esc='receipt.company.website' /></div>
                        </t>
                    </t>
                </div>
            </div>

            <div class="pos-center-align header"><t t-esc="receipt.title"/> <t t-esc="receipt.date.localestring"/> </div>

            <br />

            <t t-if="receipt.header">
                <t t-if="receipt.company.big_header_text">
                    <div class="emph" style='text-align:center'>
                        <t t-esc="receipt.header" />
                    </div>
                </t>
                <t t-else="">
                    <div style='text-align:center'>
                        <t t-esc="receipt.header" />
                    </div>
                </t>
                <br />
            </t>

            <t t-if="receipt.client">
                <div>Client: <t t-esc="receipt.client.ref" /></div>
                <t t-if="receipt.client.name"><div><t t-esc="receipt.client.name" /></div></t>
                <t t-if="receipt.client.street"><div><t t-esc="receipt.client.street" /></div></t>
                <t t-if="receipt.client.street2"><div><t t-esc="receipt.client.street2" /></div></t>
                <t t-if="receipt.client.phone"><div>Tel: <t t-esc="receipt.client.phone" /></div></t>
                <t t-if="receipt.client.vat"><div>VAT: <t t-esc="receipt.client.vat" /></div></t>
                <br />
            </t>

            <table class='receipt-orderlines'>
                <colgroup>
                    <col width='75%' />
                    <col width='25%' />
                </colgroup>
                <tr t-foreach="orderlines" t-as="orderline">
                    <td class="pos-left-align">
                        <t t-if="orderline.get_unit() and orderline.get_unit().is_unit">
                            <t t-esc="orderline.get_quantity_str_with_unit()"/>
                            <t t-esc='orderline.price' />
                            <t t-esc="orderline.get_product().display_name"/>
                        </t>
                        <t t-else="">
                            <t t-esc="orderline.get_product().display_name"/><br />
                            <t t-esc="orderline.get_quantity_str_with_unit()"/>
                            <t t-esc='orderline.price' />
                        </t>
                        <t t-if="orderline.get_discount() > 0">
                            <div class="pos-disc-font">
                                With a <t t-esc="orderline.get_discount()"/>% discount
                            </div>
                        </t>
                        <t t-if="orderline.get_note">
                            <div class="pos-disc-font">
                                Notiz: <t t-esc="orderline.note"/>
                            </div>
                        </t>
                    </td>
                    <td class="pos-right-align">
                        <t t-esc="widget.format_currency(orderline.get_display_price())"/>
                        <t t-if="receipt.company.display_tax_code and orderline.get_tax_codes()" t-esc="orderline.get_tax_codes()"/>
                    </td>
                </tr>
            </table>
            <br />
            <table class='receipt-total'>
                <tr>
                    <t t-if="order.get_total_discount() > 0">
                        <td>Discount:</td>
                        <td class="pos-right-align">
                            <t t-esc="widget.format_currency(order.get_total_discount())"/>
                        </td>
                    </t>
                </tr>
                <tr class="emph">
                    <td>TOTAL:</td>
                    <td class="pos-right-align">
                        <t t-esc="widget.format_currency(order.get_total_with_tax())"/>
                    </td>
                </tr>
            </table>
            <table class='receipt-paymentlines'>
                <t t-foreach="paymentlines" t-as="line">
                  <tr>
                      <td>
                          <t t-esc="line.name"/>
                      </td>
                      <td class="pos-right-align">
                          <t t-esc="widget.format_currency(line.get_amount())"/>
                      </td>
                  </tr>
                </t>
            </table>

            <table class='receipt-change' t-if="order.get_change() > 0">
                <tr><td>Change:</td><td class="pos-right-align">
                    <t t-esc="widget.format_currency(order.get_change())"/>
                    </td></tr>
            </table>
            <br />

          <t t-if="receipt.tax_details and receipt.tax_details.length">
            <table class='receipt-taxdetails'>
                    <tr>
                        <th></th>
                        <th class="pos-right-align">Net</th>
                        <th class="pos-right-align">VAT</th>
                        <th class="pos-right-align">Total</th>
                    </tr>
                <t t-foreach="receipt.tax_details" t-as="taxdetail">
                    <tr>
                        <td><t t-if="receipt.company.display_tax_code and taxdetail.code" t-esc="taxdetail.code"/> <t t-esc="taxdetail.name" /></td>
                        <td class="pos-right-align">
                            <t t-esc="widget.format_currency(taxdetail.total_with_tax - taxdetail.amount)" />
                        </td>
                        <td class="pos-right-align">
                            <t t-esc="widget.format_currency(taxdetail.amount)" />
                        </td>
                        <td class="pos-right-align">
                            <t t-esc="widget.format_currency(taxdetail.total_with_tax)" />
                        </td>
                    </tr>
                </t>
            </table>
          </t>


        <t t-if="receipt.note">
            <br/>
            <div class="note">
                <div><t t-raw='receipt.note' /></div>
            </div>
            <br/>
         </t>

        <t t-if="receipt.footer">
            <br />
            <t t-if="receipt.company.receipt_address_location === 'bottom'">
                <div font='b' style='text-align:center'>
                    <t t-if='receipt.company.contact_address'>
                        <div><t t-raw='receipt.company.contact_address' /></div>
                    </t>
                    <t t-if='receipt.company.vat'>
                        <div>VAT:<t t-esc='receipt.company.vat' /></div>
                    </t>
                    <t t-if='receipt.company.phone and receipt.company.display_phone'>
                        <div>Tel:<t t-esc='receipt.company.phone' /></div>
                    </t>
                    <t t-if='receipt.company.email and receipt.company.display_email'>
                        <div><t t-esc='receipt.company.email' /></div>
                    </t>
                    <t t-if='receipt.company.website and receipt.company.display_website'>
                        <div><t t-esc='receipt.company.website' /></div>
                    </t>
                </div>
                <br />
            </t>
            <div class='receipt-footer' style='text-align:center'>
                <t t-esc="receipt.footer" />
            </div>
        </t>

            <div class='receipt-bottom' style='text-align:center'>
                <div id="pos">POS: <t t-esc='order.pos.config.name' />/<t t-esc='order.pos.config.id' /></div>
                <div id="number"><t t-esc="order.name"/></div>
                <t t-if='receipt.cashier'>
                    <div class='cashier'>
                        <div>Served by <t t-esc='receipt.cashier' /></div>
                    </div>
                </t>
            </div>

        </div>

      </t>
    </t>

    <t t-extend="XmlReceipt">
      <t t-jquery="receipt" t-operation="replace" >

        <receipt align='center' t-att-width='receipt.bill_width' value-thousands-separator='' >

            <t t-if='receipt.company.logo and receipt.company.display_logo'>
                <img t-att-src='receipt.company.logo' />
            </t>
            <div font='b'>
                <t t-if='!receipt.company.logo or !receipt.company.display_logo'>
                    <h3><t t-esc='receipt.company.name' /></h3>
                </t>
                <t t-if="receipt.company.receipt_address_location === 'below-image'">
                    <t t-if='receipt.company.contact_address'>
                        <div><t t-raw='receipt.company.contact_address' /></div>
                    </t>
                    <t t-if='receipt.company.vat'>
                        <div>VAT:<t t-esc='receipt.company.vat' /></div>
                    </t>
                    <t t-if='receipt.company.phone and receipt.company.display_phone'>
                        <div>Tel:<t t-esc='receipt.company.phone' /></div>
                    </t>
                    <t t-if='receipt.company.email and receipt.company.display_email'>
                        <div><t t-esc='receipt.company.email' /></div>
                    </t>
                    <t t-if='receipt.company.website and receipt.company.display_website'>
                        <div><t t-esc='receipt.company.website' /></div>
                    </t>
                </t>
            </div>

            <hr />

            <div class="pos-center-align header"><t t-esc="receipt.title"/> <t t-esc="receipt.date.localestring"/> </div>
            <br />

            <t t-if="receipt.header">
                <t t-if="receipt.company.big_header_text">
                    <div size='double-height' style='text-align:center'>
                        <t t-esc="receipt.header" />
                    </div>
                </t>
                <t t-else="">
                    <div style='text-align:center'>
                        <t t-esc="receipt.header" />
                    </div>
                </t>
                <br />
            </t>

            <t t-if="receipt.client">
                <div align="left">Client: <t t-esc="receipt.client.ref" /></div>
                <t t-if="receipt.client.name"><div align="left"><t t-esc="receipt.client.name" /></div></t>
                <t t-if="receipt.client.street"><div align="left"><t t-esc="receipt.client.street" /></div></t>
                <t t-if="receipt.client.street2"><div align="left"><t t-esc="receipt.client.street2" /></div></t>
                <t t-if="receipt.client.phone"><div align="left">Tel: <t t-esc="receipt.client.phone" /></div></t>
                <t t-if="receipt.client.vat"><div align="left">VAT: <t t-esc="receipt.client.vat" /></div></t>
                <br />
            </t>

            <!-- Orderlines -->

            <div class='orderlines' line-ratio='0.6'>
                <t t-foreach='receipt.orderlines' t-as='line'>
                    <line><left><t t-esc='line.product_name_wrapped[0]' /></left></line>
                    <t t-foreach="line.product_name_wrapped.slice(1)" t-as="wrapped_line">
                        <line>
                            <left><t t-esc="wrapped_line"/></left>
                        </line>
                    </t>
                    <t t-if='line.discount !== 0'>
                        <line indent='1'><left>Discount: <t t-esc='line.discount' />%</left></line>
                    </t>
                    <line indent='1'>
                        <left>
                            <value t-att-value-decimals='pos.dp["Product Unit of Measure"]' value-autoint='on'>
                                <t t-esc='line.quantity' />
                            </value>
                            <t t-if='!line.is_unit' t-esc='line.unit_name' />
                            x
                            <t t-esc='widget.format_currency(line.price)'/>
                        </left>
                        <right>
                            <t t-esc='widget.format_currency(line.price_display)'/>
                            <t t-if="receipt.company.display_tax_code and line.tax_codes" t-esc="line.tax_codes"/>
                        </right>
                    </line>
                    <t t-if="line.note">
                        <line font="b"><left><t t-esc="line.note_wrapped[0]"/></left></line>
                      <t t-foreach="line.note_wrapped.slice(1)" t-as="wrapped_line">
                        <line font="b"><left><t t-esc="wrapped_line"/></left>
                        </line>
                      </t>
                    </t>
                </t>
            </div>

            <!-- Total -->

            <br/>
            <line class='total' size='double-height'>
                <left><pre>TOTAL</pre></left>
                <right>
                    <t t-esc='widget.format_currency(receipt.total_with_tax)'/>
                </right>
            </line>
            <br/><br/>

            <!-- Payment Lines -->

            <t t-foreach='paymentlines' t-as='line'>
                <line>
                    <left><t t-esc='line.name' /></left>
                    <right><t t-esc='widget.format_currency(line.amount)'/></right>
                </line>
            </t>
            <br/>

            <t t-if="order.get_change() > 0">
                <line size='double-height'>
                    <left><pre>CHANGE</pre></left>
                    <right><t t-esc='widget.format_currency(receipt.change)'/></right>
                </line>
                <br/>
            </t>
            <!-- Extra Payment Info -->

            <t t-if='receipt.total_discount'>
                <line>
                    <left>Discounts</left>
                    <right><t t-esc='widget.format_currency(receipt.total_discount)'/></right>
                </line>
            </t>

            <hr />

            <!-- Taxes -->
            <line line-ratio="1">
                <left><t t-esc='widget.tax_header_padding(receipt.tax_details)'/></left>
            </line>

            <t t-foreach="receipt.tax_details" t-as="tax">
                <line line-ratio="0.25">
                    <left>
                        <t t-if="receipt.company.display_tax_code and tax.code">
                            <t t-esc="tax.code"/>
                        </t>
                        <t t-esc="tax.name" />
                    </left>
                    <right>
                        <t t-esc='widget.format_currency(tax.total_with_tax - tax.amount)'/>
                        <t t-esc='widget.format_currency(tax.amount)'/>
                        <t t-esc='widget.format_currency(tax.total_with_tax)'/>
                    </right>
                </line>
            </t>

            <hr />

            <t t-if="receipt.note">
                <p>
                    <t t-esc="receipt.note"/>
                </p>
                <br />
             </t>

            <div class='before-footer' />

            <t t-if="receipt.company.receipt_address_location === 'bottom'">
                <br />
                <div font='b'>
                    <t t-if='receipt.company.contact_address'>
                        <div><t t-raw='receipt.company.contact_address' /></div>
                    </t>
                    <t t-if='receipt.company.vat'>
                        <div>VAT:<t t-esc='receipt.company.vat' /></div>
                    </t>
                    <t t-if='receipt.company.phone and receipt.company.display_phone'>
                        <div>Tel:<t t-esc='receipt.company.phone' /></div>
                    </t>
                    <t t-if='receipt.company.email and receipt.company.display_email'>
                        <div><t t-esc='receipt.company.email' /></div>
                    </t>
                    <t t-if='receipt.company.website and receipt.company.display_website'>
                        <div><t t-esc='receipt.company.website' /></div>
                    </t>
                </div>
            </t>

            <!-- Footer -->
            <t t-if='receipt.footer_xml'>
                <t t-esc='receipt.footer_xml' />
            </t>

            <t t-if="receipt.footer">
                <br />
                <t t-esc="receipt.footer" />
                <br />
            </t>

            <div class='after-footer' />

            <hr />
            <div font='b'>
                <div>POS: <t t-esc='receipt.pos_id' /></div>
                <div><t t-esc='receipt.name' /></div>
                <t t-if='receipt.cashier'>
                    <div>Served by <t t-esc='receipt.cashier' /></div>
                </t>
            </div>

        </receipt>
      </t>
    </t>

    <t t-extend="Orderline">
        <t t-jquery="li.info:first" t-operation="replace">
            <li class="info">
                <em>
                    <t t-esc="line.get_quantity_str()" />
                </em>
                <t t-if='line.get_unit().is_unit'>
                    x
                    <t t-esc="widget.format_currency(line.get_unit_display_price(),'Product Price')" />
                </t>
                <t t-if='!line.get_unit().is_unit'>
                    <t t-esc="line.get_unit().name" />
                    at
                    <t t-esc="widget.format_currency(line.get_unit_display_price(),'Product Price')" />
                    /
                    <t t-esc="line.get_unit().name" />
                </t>
            </li>
        </t>
    </t>

    <t t-extend="NumpadWidget">
        <t t-jquery="button[data-mode='quantity']" t-operation="inner">
            Qty.
        </t>
        <t t-jquery="button[data-mode='discount']" t-operation="inner">
            <i class="fa fa-percent"/>
        </t>
    </t>

    <t t-extend="DiscountButton">
        <t t-jquery=".js_discount" t-operation="inner">
            <i class='fa fa-percent' /> Discount
        </t>
    </t>

    <t t-extend="ReceiptScreenWidget">
        <t t-jquery=".button.next" t-operation="before">
            <span class="button email disabled">
                <i class='fa fa-envelope'/>
            </span>
            <a class="button pdf disabled" target="_system" href="/receipt/pdf/">
                <i class='fa fa-file-pdf-o'/>
            </a>
        </t>
    </t>

</templates>
