"id","name","model_id:id","group_id:id","perm_read","perm_write","perm_create","perm_unlink"
access_res_company_group_pos_manager,res_company group_pos_manager,base.model_res_company,point_of_sale.group_pos_manager,1,1,0,0
access_product_product_group_pos_manager,product.product group_pos_manager,product.model_product_product,point_of_sale.group_pos_manager,1,1,1,1
access_pos_config_manager,pos.config user,point_of_sale.model_pos_config,point_of_sale.group_pos_manager,1,1,0,0
access_res_partner_manager,res.partner manager,base.model_res_partner,point_of_sale.group_pos_manager,1,1,1,1
access_account_tax_manager,account.tax manager,account.model_account_tax,point_of_sale.group_pos_manager,1,1,0,0
access_account_journal_manager,account.journal manager,account.model_account_journal,point_of_sale.group_pos_manager,1,1,1,0
access_account_account_manager,account.account manager,account.model_account_account,point_of_sale.group_pos_manager,1,1,1,0
access_res_bank_config_manager,res_bank_group_system,base.model_res_bank,point_of_sale.group_pos_manager,1,1,1,1
access_res_partner_bank_group_partner_manager,res_partner_bank group_partner_manager,base.model_res_partner_bank,point_of_sale.group_pos_manager,1,1,1,1
