<?xml version="1.0" encoding="utf-8"?>
<odoo>
    <data>
        <record id="ir_cron_monthly_closing" model="ir.cron">
            <field name="name">RKVS Monthly Closing</field>
            <field name="user_id" ref="base.user_root"/>
            <field name="interval_number">1</field>
            <field name="interval_type">months</field>
            <field name="nextcall" eval="(datetime.now() + relativedelta(months=1)).strftime('%Y-%m-01 00:00:00')" />
            <field name="numbercall">-1</field>
            <field eval="False" name="doall"/>
            <field eval="'pos.config'" name="model"/>
            <field eval="'action_monthly_closing'" name="function"/>
        </record>
   </data>
</odoo>