<?xml version="1.0" encoding="utf-8"?>
<odoo>
    <data>

        <record id="pos_certificate_template" model="mail.template">
            <field name="name">Send certificate per email</field>
            <field name="model_id" ref="pos_digital_signature.model_pos_certificate"/>
            <field name="email_from"><![CDATA["${object.company_id.name|safe}" <${(object.company_id.email or user.email)|safe}>]]></field>
            <field name="email_to">${(object.company_id.email or user.email)|safe}</field>
            <field name="subject"><![CDATA[${object.company_id.name|safe} Certificate]]></field>
            <field name="body_html"><![CDATA[
Sehr geehrte/r Kunde/Kundin,<br /><br />
wir haben Ihnen automatisch ein Zertifikat der A-Trust ausgestellt, um die Richtlinien der Registrierkassensicherheitsverordnung (RKSV) zu erfüllen.<br />
Die Seriennummer lautet: ${object.serial_hex|safe} <br />
Bitte registrieren Sie dieses Zertifikat und Ihre Kassenplätze in FinanzOnline. Die Anleitung dafür finden Sie in den Umstellungs-Mails, die sie von uns erhalten haben.<br /><br />
Mit freundlichen Grüßen,<br />
Ihr bridgify Support Team<br />
]]></field>
        </record>

        <record id="pos_config_protocol_template" model="mail.template">
            <field name="name">DEP Send by email</field>
            <field name="model_id" ref="point_of_sale.model_pos_config"/>
            <field name="email_from"><![CDATA["${user.name|safe}" <${(user.email)|safe}>]]></field>
            <field name="email_to">${(object.company_id.email or user.email)|safe}</field>
            <field name="subject">${object.name|safe} Datenerfassungsprotokoll</field>
            <field name="body_html"><![CDATA[
Sehr geehrte/r Kunde/Kundin,<br /><br />

Ihr monatliches Datenerfassungsprotokoll steht Ihnen nun zum Download zur Verfügung. In <br />
Ihrem Account haben Sie die Möglichkeit zwischen verschiedenen gewünschten <br />
Dateiformaten zu wählen und dieses herunterzuladen.<br /> <br />
Wir möchten Sie gerne daran erinnern, Ihre Daten spätestens alle 3 Monate von Ihrem<br />
Account herunterzuladen (RKSV §7 Abs.3)<br />
(https://www.ris.bka.gv.at/GeltendeFassung.wxe?Abfrage=Bundesnormen&Gesetzesnummer=20009390&FassungVom=2017-04-01) <br />
und auf einem lokalen oder externen Datenträger (USB-Stick, externe Festplatte) zu speichern. <br />
Die gesicherten Protokolle müssen außerdem für min. 7 Jahre gespeichert und jederzeit auf<br />
Weisung des Finanzamtes abrufbar und zugänglich sein (BAO §132 Abs.1)<br />
(https://www.ris.bka.gv.at/GeltendeFassung.wxe?Abfrage=Bundesnormen&Gesetzesnummer=10003940)<br /><br />
Sollten Sie Fragen zum Datenerfassungsprotokoll haben, sind wir natürlich gerne jederzeit <br />
für Sie da. Kontaktieren Sie ggf. bitte unseren Kundensupport support@bridgify.at oder +43 1 8904097.<br /><br />



Herzliche Grüße,<br />
Ihr bridgify Support Team<br /><br /><br />

Dear bridgify-customer!<br /><br />
Your monthly data protocol is now available for you to download. In your account, you have <br />
different kinds of file-formats to choose from.
We would like to kindly remind you to download your monthly data protocols from your POS <br />
account at least every 3 months (RKSV §7 Abs.3) <br />
(Link: https://www.ris.bka.gv.at/GeltendeFassung.wxe?Abfrage=Bundesnormen&Gesetzesnummer=20009390&FassungVom=2017-04-01) <br />
and save them on a local or external device (USB, external hard drive). <br />
Furthermore, we would like to point out that your data protocols must be stored for a
minimum period of 7 years, by law, and have to be accessible upon request by tax<br />
authorities any time during this period (BAO §132 Abs.1) <br />
(Link: https://www.ris.bka.gv.at/GeltendeFassung.wxe?Abfrage=Bundesnormen&Gesetzesnummer=10003940). <br />
Should you have any questions, please do not hesitate to contact our customer support
support@bridgify.at or oder +43 1 8904097<br /><br />
Kind regards.<br />
Your bridgify team<br />
]]></field>
        </record>

    </data>
</odoo>
