<?xml version="1.0" encoding="utf-8"?>
<odoo>
    <data noupdate="0">
 
        <record id="email_template_pos_loyalty" model="mail.template">
            <field name="name">POS Order Loyalty - Send by Email</field>
            <field name="email_from">${(object.pos_order_id.company_id.email or 'noreply@localhost')|safe}</field>
            <field name="subject">Loyalty Reward</field>
            <field name="email_to">${object.partner_id.email}</field>
            <field name="model_id" ref="model_loyalty_point"/>
            <field name="auto_delete" eval="True"/>
            <field name="report_name">loyalty_${object.pos_order_id.name or ''}</field>
            <field name="body_html"><![CDATA[
				<div style="font-family: 'Lucica Grande', Ubuntu, Arial, Verdana, sans-serif; font-size: 12px; color: rgb(34, 34, 34); background-color: #FFF; ">
	
	    			<p>Hello ${object.partner_id and object.partner_id.name or ''},</p>
	
				    <p style="border-left: 1px solid #8e0000; margin-left: 30px;">
				       &nbsp;&nbsp;<strong>Loyalty Reward from you last order ${object.pos_order_id.name}</strong><br />
				       &nbsp;&nbsp;Order total: <strong>${object.pos_order_id.amount_total} ${object.pos_order_id.company_id.currency_id.name}</strong><br />
				       &nbsp;&nbsp;Order date: ${object.pos_order_id.date_order}<br />
				       % if object.user_id:
				       &nbsp;&nbsp;Cashier: ${object.pos_order_id.user_id.name}
				       % endif
				    </p>
				    <p> Loyalty Details </p>
				    You got ${object.points} points from your last order,
				    now your remaining Loyalty Points are ${object.partner_id.remaining_loyalty_points}
				    <br/>
				    <p>Thank you for choosing ${object.pos_order_id.company_id.name or 'us'} !</p>
				    <br/>
				    <br/>
				    <div style="width: 375px; margin: 0px; padding: 0px; background-color: #8E0000; border-top-left-radius: 5px 5px; border-top-right-radius: 5px 5px; background-repeat: repeat no-repeat;">
				        <h3 style="margin: 0px; padding: 2px 14px; font-size: 12px; color: #DDD;">
				            <strong style="text-transform:uppercase;">${object.pos_order_id.company_id.name}</strong></h3>
				    </div>
				    <div style="width: 347px; margin: 0px; padding: 5px 14px; line-height: 16px; background-color: #F2F2F2;">
				        <span style="color: #222; margin-bottom: 5px; display: block; ">
				        % if object.pos_order_id.company_id.street:
				            ${object.pos_order_id.company_id.street}<br/>
				        % endif
				        % if object.pos_order_id.company_id.street2:
				            ${object.pos_order_id.company_id.street2}<br/>
				        % endif
				        % if object.pos_order_id.company_id.city or object.pos_order_id.company_id.zip:
				            ${object.pos_order_id.company_id.zip} ${object.pos_order_id.company_id.city}<br/>
				        % endif
				        % if object.pos_order_id.company_id.country_id:
				            ${object.pos_order_id.company_id.state_id and ('%s, ' % object.pos_order_id.company_id.state_id.name) or ''} ${object.pos_order_id.company_id.country_id.name or ''}<br/>
				        % endif
				        </span>
				        % if object.pos_order_id.company_id.phone:
				            <div style="margin-top: 0px; margin-right: 0px; margin-bottom: 0px; margin-left: 0px; padding-top: 0px; padding-right: 0px; padding-bottom: 0px; padding-left: 0px; ">
				                Phone:&nbsp; ${object.pos_order_id.company_id.phone}
				            </div>
				        % endif
				        % if object.pos_order_id.company_id.website:
				            <div>
				                Web :&nbsp;<a href="${object.pos_order_id.company_id.website}">${object.pos_order_id.company_id.website}</a>
				            </div>
				        %endif
				        <p></p>
				    </div>
				</div>
            ]]></field>
        </record> 

		<record model="ir.cron" id="loyalty_reminder">
            <field name="name">Loyalty Reminder</field>
          	<field name="interval_number">1</field>
          	<field name="interval_type">months</field>
          	<field name="numbercall">-1</field>
          	<field name="doall" eval="True"/>
          	<field name="model" eval="'res.partner'"/>
          	<field name="function" eval="'loyalty_reminder'"/>
      	</record>

		<record id="email_template_loyalty_reminder" model="mail.template">
            <field name="name">Loyalty Reminder - Send by Email</field>
            <field name="email_from">${(object.company_id.email or 'noreply@localhost')|safe}</field>
            <field name="subject">Loyalty Reminder ${(object.company_id.name or '' )}</field>
            <field name="email_to">${object.email}</field>
            <field name="model_id" ref="base.model_res_partner"/>
            <field name="auto_delete" eval="True"/>
            <field name="report_name">Loyalty_${object.name or ''}</field>
            <field name="body_html"><![CDATA[
				<div style="font-family: 'Lucica Grande', Ubuntu, Arial, Verdana, sans-serif; font-size: 12px; color: rgb(34, 34, 34); background-color: #FFF; ">
	
	    			<p>Hello ${object.name or ''},</p>
	
				    <p style="border-left: 1px solid #8e0000; margin-left: 30px;">
				       &nbsp;&nbsp;<strong>Loyalty Reminder</strong><br />
				       % if object.user_id:
				       &nbsp;&nbsp;User: ${object.user_id.name}
				       % endif
				    </p>
				    <p> you have ${object.remaining_loyalty_points or '0.00'} points remains to use.</p>
				    <br/>
				    <p>Thank you for choosing ${object.company_id.name or 'us'} !</p>
				    <br/>
				    <br/>
				    <div style="width: 375px; margin: 0px; padding: 0px; background-color: #8E0000; border-top-left-radius: 5px 5px; border-top-right-radius: 5px 5px; background-repeat: repeat no-repeat;">
				        <h3 style="margin: 0px; padding: 2px 14px; font-size: 12px; color: #DDD;">
				            <strong style="text-transform:uppercase;">${object.company_id.name}</strong></h3>
				    </div>
				    <div style="width: 347px; margin: 0px; padding: 5px 14px; line-height: 16px; background-color: #F2F2F2;">
				        <span style="color: #222; margin-bottom: 5px; display: block; ">
				        % if object.company_id.street:
				            ${object.company_id.street}<br/>
				        % endif
				        % if object.company_id.street2:
				            ${object.company_id.street2}<br/>
				        % endif
				        % if object.company_id.city or object.company_id.zip:
				            ${object.company_id.zip} ${object.company_id.city}<br/>
				        % endif
				        % if object.company_id.country_id:
				            ${object.company_id.state_id and ('%s, ' % object.company_id.state_id.name) or ''} ${object.company_id.country_id.name or ''}<br/>
				        % endif
				        </span>
				        % if object.company_id.phone:
				            <div style="margin-top: 0px; margin-right: 0px; margin-bottom: 0px; margin-left: 0px; padding-top: 0px; padding-right: 0px; padding-bottom: 0px; padding-left: 0px; ">
				                Phone:&nbsp; ${object.company_id.phone}
				            </div>
				        % endif
				        % if object.company_id.website:
				            <div>
				                Web :&nbsp;<a href="${object.company_id.website}">${object.company_id.website}</a>
				            </div>
				        %endif
				        <p></p>
				    </div>
				</div>
            ]]></field>
        </record>

    </data>
</odoo>