<?xml version="1.0" encoding="utf-8"?>

<templates id="template" xml:space="preserve">

    <t t-name="RKSVScreen">
        <div class="rksv screen">
            <div class="screen-content">
                <section class="top-content">
                    <span class='button back'>
                        <i class='fa fa-angle-double-left'></i>
                        Back
                    </span>
                    <h1 id="title">Overview</h1>
                </section>
                <section class="full-content">
                    <div class='window'>
                        <section class='subwindow'>
                            <div class='subwindow-container'>
                                <div class='subwindow-container-fix touch-scrollable scrollable-y'>
                                    <div id="overview">
                                        <p>Here is an overview of <a target="_blank" href="https://www.bmf.gv.at/steuern/Registrierkassensicherheitsverordnung.html">RKSV</a> functions:</p>
                                        <div class="container">
                                            <div class="row">
                                                <div class="col-xs-6 col-sm-4 col-md-2"><span class="print_zero button"><i class='fa fa-square-o'/> Zero Receipt</span></div>
                                                <div class="col-xs-6 col-sm-8 col-md-10"><p class="small">can be issued by request</p></div>
                                            </div>
                                            <div class="row">
                                                <div class="col-xs-6 col-sm-4 col-md-2"><span class="print_monthly button"><i class='fa fa-calendar-o'/> Monthly Receipt</span></div>
                                                <div class="col-xs-6 col-sm-8 col-md-10"><p class="small">must be issued at the end of the month</p></div>
                                            </div>
                                            <div class="row">
                                                <div class="col-xs-6 col-sm-4 col-md-2"><span class="print_training button"><i class='fa fa-graduation-cap'/> Training Receipt</span></div>
                                                <div class="col-xs-6 col-sm-8 col-md-10"><p class="small">can be issued for training purposes</p></div>
                                            </div>
                                        </div>
                                        <p>Should you have any questions please contact our hotline +43 1 890 40 97 (Mo-Sa 09:00-17:00) or at <a target="_blank" href="http://bridgify.at/">http://bridgify.at/</a></p>
                                    </div>
                                    <div id="start">
                                        <p>The implementation of <a target="_blank" href="https://www.bmf.gv.at/steuern/Registrierkassensicherheitsverordnung.html">Registrierkassensicherheitsverordnung (RKSV)</a> is successfully completed.</p>
                                        <p>Please have a look at you <b>mailbox</b> and follow our instructions to enroll your cash register.</p>
                                        <p>Should you have any questions please contact our hotline +43 1 890 40 97 (Mo-Sa 09:00-17:00) or at <a target="_blank" href="http://bridgify.at/">http://bridgify.at/</a></p>
                                        <div>
                                            <h1>Please make sure your printer is connected. Then print the start receipt and put it to your financial documents.</h1>
                                            <p>The start receipt should be printed only once per cash register.</p>
                                        </div>
                                        <center><span class="print_start button highlight"><i class='fa fa-play'/> Start Receipt </span></center>
                                    </div>
                                    <div id="monthly">
                                        <p>You see this screen because there has been no monthly receipt issued yet.</p>
                                        <p>Monthly receipt must be issued at the end of each month.</p>
                                        <p>Should you have any questions please contact our hotline +43 1 890 40 97 (Mo-Sa 09:00-17:00) or at <a target="_blank" href="http://bridgify.at/">http://bridgify.at/</a></p>
                                        <div>
                                            <h1>Please make sure your printer is connected. Then print a monthly receipt and put it to your financial documents.</h1>
                                            <p>You have to print the monthly receipt as <b>last</b> receipt of each month.</p>
                                            <p>The monthly receipt for December is equally your annual receipt. Annual receipt must be double checked with <a href="https://www.bmf.gv.at/kampagnen/Unsere-Apps.html">BMF Belegcheck app</a> by year closing procedure.</p>
                                        </div>
                                        <center><span class="print_monthly button highlight"><i class='fa fa-calendar'/> Monthly Receipt</span></center>
                                    </div>
                                </div>
                            </div>
                        </section>
                    </div>
                </section>
            </div>
        </div>
    </t>

    <t t-name="RKSVButton">
        <div class='control-button'>
            <i class='fa fa-certificate' /> RKSV
        </div>
    </t>

    <t t-extend="PosTicket">
        <t t-jquery="t[t-if='receipt.footer']" t-operation='before'>
            <t t-if="receipt.signatureImage and receipt.company.display_qrcode">
                <p><img style="width: 100px;" class="center" t-att-src="receipt.signatureImage"/></p>
            </t>
        </t>
    </t>

    <t t-extend="XmlReceipt">
        <t t-jquery="div.before-footer" t-operation='before'>
            <t t-if="receipt.signatureImage and receipt.company.display_qrcode">
                <p><img align="center" width="200" height="200" t-att-src="receipt.signatureImage"
                        t-att-payload="receipt.payload"/></p>
            </t>
        </t>
    </t>

</templates>
