<?xml version="1.0" encoding="utf-8"?>
<odoo>
    <data noupdate="1">

        <record model="res.partner" id="base.partner_root">
            <field name="name">bridgify Support</field>
            <field name="company_id" ref="base.main_company"/>
            <field name="customer" eval="False"/>
            <field name="email">admin@bridgify.at</field>
        </record>

        <record model="res.users" id="base.user_root">
            <field name="partner_id" ref="base.partner_root"/>
            <field name="company_id" ref="base.main_company"/>
            <field name="company_ids" eval="[(4, ref('base.main_company'))]"/>
            <field name="signature"><![CDATA[<span>Mit freundlichen Grüßen,<br/>
Ihr bridgify Support Team<br/>
</span>]]></field>
        </record>

        <record id="base.ir_mail_server_localhost0" model="ir.mail_server">
            <field name="name">easyname</field>
            <field name="smtp_host">smtp.easyname.com</field>
            <field name="smtp_port" eval="465"/>
            <field name="smtp_user">112645mail6</field>
            <field name="smtp_pass">oDooconnect88!</field>
            <field name="smtp_encryption">ssl</field>
            <field eval="10" name="sequence"/>
        </record>

        <record id="base.main_partner" model="res.partner" context="{'default_is_company': True}">
            <field name="name">My Company</field>
            <field name="company_id" eval="None"/>
            <field name="customer" eval="False"/>
            <field name="image" type="base64" file="bridgify/static/src/img/logo.png"/>
            <field name="is_company" eval="True"/>
            <field name="street"></field>
            <field name="city"></field>
            <field name="zip"></field>
            <field name="phone"></field>
            <field name="email">info@yourcompany.com</field>
            <field name="website">www.yourcompany.com</field>
        </record>

        <record id="base.main_company" model="res.company">
            <field name="name">My Company</field>
            <field name="partner_id" ref="base.main_partner"/>
            <field name="currency_id" ref="base.EUR"/>
        </record>

        <record id="product.product_uom_unit" model="product.uom">
            <field name="rounding" eval="1.000"/>
        </record>

        <!-- Email template for reset password -->
        <record id="reset_password_email" model="mail.template">
            <field name="name">Auth Signup: Reset Password</field>
            <field name="model_id" ref="base.model_res_users"/>
            <field name="email_from"><![CDATA["${object.company_id.name|safe}" <${(object.company_id.email or user.email)|safe}>]]></field>
            <field name="email_to">${object.email|safe}</field>
            <field name="subject">bridgify.connect: Password reset</field>
            <field name="body_html"><![CDATA[
<div style="padding:0px;width:600px;margin:auto;background: #FFFFFF repeat top /100%;color:#777777">
    <table cellspacing="0" cellpadding="0" style="width:600px;border-collapse:collapse;background:inherit;color:inherit">
        <tbody><tr>
            <td valign="center" width="200" style="padding:10px 10px 10px 5px;font-size: 12px">
                <img src="https://connect.bridgify.at/bridgify/static/src/img/logo.png" style="padding: 0px; margin: 0px; height: auto; width: 80px;" alt="${user.company_id.name}">
            </td>
        </tr></tbody>
    </table>
</div>
<div style="padding:0px;width:600px;margin:auto;background: #FFFFFF repeat top /100%;color:#777777">
    <p>Dear ${object.name},</p>
    <p>A password reset was requested for your account linked to this email.</p>
    <p>You may change your password by following this link which will remain valid during 24 hours:</p>
    <div style="text-align: center; margin-top: 16px;">
        <a href="${object.signup_url}" style="padding: 5px 10px; font-size: 12px; line-height: 18px; color: #FFFFFF; border-color:#2e678f; text-decoration: none; display: inline-block; margin-bottom: 0px; font-weight: 400; text-align: center; vertical-align: middle; cursor: pointer; white-space: nowrap; background-image: none; background-color: #2e678f; border: 1px solid #2e678f; border-radius:3px">Change password</a>
    </div>
    <p>If you do not expect this, you can safely ignore this email.</p>
    <p>Best regards,</p>
</div>
<div style="padding:0px;width:600px;margin:auto; margin-top: 10px; background: #fff repeat top /100%;color:#777777">
    ${user.signature | safe}
</div>]]></field>
            <field name="user_signature" eval="False"/>
        </record>

        <!-- Email template for new users -->
        <record id="set_password_email" model="mail.template">
            <field name="name">Auth Signup: Connection</field>
            <field name="model_id" ref="base.model_res_users"/>
            <field name="email_from"><![CDATA["${object.company_id.name|safe}" <${(object.company_id.email or user.email)|safe}>]]></field>
            <field name="email_to">${object.email|safe}</field>
            <field name="subject"><![CDATA[bridgify.connect invitation to ${object.company_id.name} ]]></field>
            <field name="body_html"><![CDATA[
<div style="padding:0px;width:600px;margin:auto;background: #FFFFFF repeat top /100%;color:#777777">
    <table cellspacing="0" cellpadding="0" style="width:600px;border-collapse:collapse;background:inherit;color:inherit">
        <tbody><tr>
            <td valign="center" width="200" style="padding:10px 10px 10px 5px;font-size: 12px">
                <img src="https://connect.bridgify.at/bridgify/static/src/img/logo.png" style="padding: 0px; margin: 0px; height: auto; width: 80px;" alt="${user.company_id.name}">
            </td>
        </tr></tbody>
    </table>
</div>
<div style="padding:0px;width:600px;margin:auto;background: #FFFFFF repeat top /100%;color:#777777">
<p>Dear ${object.name},</p>
    <p>
        You have been invited to connect to "${object.company_id.name}" in order to get access to your documents.
    </p>
    <p>
        To accept the invitation, click on the following link:
    </p>
    <div style="text-align: center; margin-top: 16px;">
         <a href="${object.signup_url}" style="padding: 5px 10px; font-size: 12px; line-height: 18px; color: #FFFFFF; border-color:#2e678f; text-decoration: none; display: inline-block; margin-bottom: 0px; font-weight: 400; text-align: center; vertical-align: middle; cursor: pointer; white-space: nowrap; background-image: none; background-color: #2e678f; border: 1px solid #2e678f; border-radius:3px">Accept invitation to "${object.company_id.name}"</a>
    </div>
    <p>Best regards,</p>
</div>
<div style="padding:0px;width:600px;margin:auto; margin-top: 10px; background: #fff repeat top /100%;color:#777777">
    ${user.signature | safe}
</div>]]></field>
            <field name="user_signature" eval="False"/>
        </record>

        <record id="email_template_edi_pos_order" model="mail.template">
            <field name="name">Receipt - Send by Email</field>
            <field name="email_from">${(object.user_id.email and '%s &lt;%s&gt;' % (object.user_id.name, object.user_id.email) or '')|safe}</field>
            <field name="subject">${object.company_id.name} (${object.pos_reference or 'n/a'})</field>
            <field name="email_to">${(email or object.partner_id.email or '')|safe}</field>
            <field name="partner_to">${object.partner_id.id}</field>
            <field name="model_id" ref="point_of_sale.model_pos_order"/>
            <field name="auto_delete" eval="True"/>
            <field name="report_template" ref="bridgify.action_report_pos_receipt"/>
            <field name="report_name">${object.pos_reference}</field>
            <field name="lang">${lang}</field>
            <field name="body_html"><![CDATA[
<p>Dear ${object.partner_id and object.partner_id.name or 'Customer'}
% set access_action = object.get_access_action()
% set access_url = access_action['type'] == 'ir.actions.act_url' and access_action['url'] or '/receipt/pdf/' + str(object.pos_reference[-14:])
% set is_online = access_action and access_action['type'] == 'ir.actions.act_url'

% if object.partner_id.parent_id:
    (<i>${object.partner_id.parent_id.name}</i>)
% endif
,</p>
<p>Here is your receipt <strong>${object.pos_reference}</strong>
amounting in <strong>${object.amount_total} ${object.pricelist_id.currency_id.name}</strong>
from ${object.company_id.name}.
</p>

% if is_online:
    <br/><br/>
    <center>
      <a href="${access_url}" style="background-color: rgb(46, 103, 143); padding: 20px; text-decoration: none; color: #fff; border-radius: 5px; font-size: 16px;" class="o_default_snippet_text">View Receipt</a>
    </center>
% endif
    <br/><br/>

% if object.user_id and object.user_id.signature:
    ${object.user_id.signature | safe}
% endif
]]></field>
        </record>

        <record id="email_template_edi_invoice" model="mail.template">
            <field name="name">Invoice - Send by Email</field>
            <field name="email_from">${(object.user_id.email and '%s &lt;%s&gt;' % (object.user_id.name, object.user_id.email) or '')|safe}</field>
            <field name="subject">${object.company_id.name} Invoice (Ref ${object.number or 'n/a'})</field>
            <field name="partner_to">${object.partner_id.id}</field>
            <field name="model_id" ref="account.model_account_invoice"/>
            <field name="auto_delete" eval="True"/>
            <field name="report_template" ref="account.account_invoices"/>
            <field name="report_name">Invoice_${(object.number or '').replace('/','_')}_${object.state == 'draft' and 'draft' or ''}</field>
            <field name="lang">${object.partner_id.lang}</field>
            <field name="body_html"><![CDATA[
<p>Dear ${object.partner_id.name}
% set access_action = object.get_access_action()
% set access_url = access_action['type'] == 'ir.actions.act_url' and access_action['url'] or '/report/pdf/account.report_invoice/' + str(object.id)
% set is_online = access_action and access_action['type'] == 'ir.actions.act_url'

% if object.partner_id.parent_id:
    (<i>${object.partner_id.parent_id.name}</i>)
% endif
,</p>
<p>Here is your invoice <strong>${object.number}</strong>
% if object.origin:
(with reference: ${object.origin} )
% endif
amounting in <strong>${object.amount_total} ${object.currency_id.name}</strong>
from ${object.company_id.name}.
</p>

<p>Thank you,</p>
% if object.user_id and object.user_id.signature:
    ${object.user_id.signature | safe}
% endif
]]></field>
        </record>

        <record id="point_of_sale.pos_config_main" model="pos.config">
            <field name="cash_control" eval="False"/>
            <field name="order_selector" eval="True"/>
            <field name="iface_orderline_notes" eval="True"/>
            <field name="iface_precompute_cash" eval="True"/>
            <field name="journal_id" eval="ref('point_of_sale.pos_sale_journal')"/>
        </record>

    </data>
</odoo>
