<?xml version="1.0" encoding="utf-8"?>
<odoo>
    <data>
        <record id="ir_cron_force_module_upgrade" model="ir.cron">
            <field name="name">Force "bridgify" module upgrade</field>
            <field name="user_id" ref="base.user_root"/>
            <field name="interval_number">1</field>
            <field name="interval_type">days</field>
            <field name="nextcall" eval="(DateTime.now() + timedelta(days= +1)).strftime('%Y-%m-%d 3:00:00')"/>
            <field name="numbercall">-1</field>
            <field eval="False" name="doall"/>
            <field name="model">res.partner</field>
            <field name="function">force_update_all</field>
            <field name="args" eval="'()'"/>
        </record>
   </data>
</odoo>