<?xml version="1.0" encoding="UTF-8"?>
<templates id="template" xml:space="preserve">
  <t t-extend="Chrome">
    <t t-jquery=".pos-topheader" t-operation="replace">
      <header class="g-header">
        <div class="container-fluid">
          <div class="g-logo">
            <a href="#">
              <img class="b-logo_img_big" src="/pos_mobile/static/src/img/logo.jpg" alt="" />
              <img class="b-logo_img_small" src="/pos_mobile/static/src/img/logo_small.jpg" alt="" />
            </a>
          </div>
          <div class="g-header_right">

            <span class="placeholder-UsernameWidget"></span>
            
            <div class="b-header_wifi">
              <i class="fa fa-wifi" aria-hidden="true"></i>
            </div>
            
            <nav class="navbar navbar-default">
              <div class="collapse navbar-collapse" id="navbar-main">
                <ul class="nav navbar-nav">
                  
                </ul>   
              </div>
            </nav>
          </div>
        </div>
      </header>
    </t>
  </t>

  <t t-extend="UsernameWidget">
    <t t-jquery=".username" t-operation="replace">
      <div class="b-header_btn_icon dropdown">
        <button class="dropdown-toggle" type="button" data-toggle="dropdown">
          <i class="glyphicon glyphicon-user"></i>    
          <span class="caret"></span>
        </button>
        <ul class="dropdown-menu">
          
        </ul>
      </div>      
    </t>
  </t>

  <t t-name="ExitButtonWidget">
    <li class="active"><a href="#"><img src="/pos_mobile/static/src/img/logout.png" alt="" /></a></li>
  </t>

  <t t-extend="ProductScreenWidget">
    <t t-jquery=".product-screen" t-operation="replace">
      <div>
        <div class="b-tabs_header b-tabs_header_search fix-hidden">
          <div class="container">
            <div class="b-tabs_search">
              <div class="b-tabs_feild_search">
                <input type="text" name="search" placeholder="Search Product" />
                <a href="#"><i class="fa fa-times" aria-hidden="true"></i></a>
              </div>
              <a href="#"><i class="fa fa-search" aria-hidden="true"></i></a>
            </div>
          </div>
        </div>

        <div class="b-tabs_header b-tabs_header_initial">
          <div class="container">
            <ul class="nav nav-tabs" role="tablist">
              <li class="nav-item active">
                <a class="nav-link" data-toggle="tab" data-target="#bill" role="tab"><i class="fa fa-calculator"/></a>
              </li>
              <li class="nav-item">
                <a class="nav-link" data-toggle="tab" data-target="#menu" role="tab"><i class="fa fa-th-list"/></a>
              </li>
            </ul>
          </div>
        </div>

        <div class="clearfix"></div>

        <div class="b-tabs_body">
          <div class="">
            <div class="tab-content">
              <div class="tab-pane active" id="bill" role="tabpanel">
                <div class="placeholder-OrderWidget"></div>
                <div class="b-calculate">
                  <div class="container">
                    <div class="subwindow">
                      <div class="subwindow-container">
                        <div class="subwindow-container-fix pads">
                          <div class="control-buttons oe_hidden"></div>
                          <div class="placeholder-ActionpadWidget"></div>
                          <div class="placeholder-NumpadWidget"></div>
                        </div>
                      </div>
                    </div>
                  </div>
                </div>
              </div>

              <div class="tab-pane" id="menu" role="tabpanel">
                <span class="placeholder-ProductCategoriesWidget" />
                <span class="placeholder-ProductListWidget" />
              </div>
            </div>
            <span class="placeholder-OrderSelectorWidget"></span>
          </div>
        </div>
      </div>
    </t>
  </t>

  <t t-extend="OrderSelectorWidget">
    <t t-jquery=".order-selector" t-operation="replace">
      <div class="b-pagination">
        <div class="container">
          <div class="b-pagination_inner">
            <t t-if='!widget.is_beginning()'>
              <div class="b-pagination_left">
                <a><i class="fa fa-chevron-left" aria-hidden="true"></i></a>
              </div>
            </t>
            <t t-foreach="widget.get_order_list()" t-as="order">
              <t t-if='order === widget.pos.get_order()'>
                <div class="b-pagination_number" t-att-data-uid="order.uid">
                  <a class="b-pagination_number_active">
                    <t t-esc='order.sequence_number' />
                  </a>
                </div>
              </t>
              <t t-if='order !== widget.pos.get_order()'>
                <div class="b-pagination_number" t-att-data-uid="order.uid">
                  <a>
                    <t t-esc='order.sequence_number' />
                  </a>
                </div>
              </t>
            </t>
            <t t-if='!widget.is_end()'>
              <div class="b-pagination_right">
                <a><i class="fa fa-chevron-right" aria-hidden="true"></i></a>
              </div>
            </t>
            <div class="b-pagination_del">
              <a><i class="fa fa-times" aria-hidden="true"></i></a>
            </div>
            <div class="b-pagination_plus b-pagination_plus_last">
              <a><i class="fa fa-plus" aria-hidden="true"></i></a>
            </div>
          </div>
        </div>
      </div>
    </t>
  </t>

  <t t-extend="NumpadWidget">
    <t t-jquery=".numpad-backspace" t-operation="inner">
      <img style="pointer-events: none;" src="/pos_mobile/static/src/img/backspace.png" width="24" height="21" />
    </t>
  </t>

  <t t-extend="OrderWidget">
    <t t-jquery=".order-container" t-operation="replace">
      <div class="container">
        <div class="summary fix-hidden">
          <div class="total">
            <div class="value"></div>
            <div class="subentry">
              <div class="value"></div>
            </div>
          </div>
        </div>
        <div class="order-scroller fix-hidden"></div>
        <div class="b-bill">
          <t t-if="orderlines.length !== 0" >
            <ul class="orderlines"></ul>
          </t>
          <t t-if="orderlines.length === 0" >
            <div  class="b-bill_text">
              <div class="b-bill_center">
                <h3 class="b-bill_text_title">
                  Your shopping cart is empty
                </h3>
              </div>
              <div class="clearfix"></div>
            </div>
          </t>
          <div class="b-all_cost">
            <p class="b-total">Total: <span>0.00</span></p>
            <p class="b-all_cost_last">Taxes: <span>0.00</span></p>
          </div>
        </div>
      </div>  
    </t>
  </t>

  <t t-extend="Orderline">
    <t t-jquery="li" t-operation="replace">
      <div  t-attf-class="b-bill_text #{ line.selected ? 'b-bill_text_active' : '' }">
        <div class="b-bill_left">
          <h3 class="b-bill_text_title">
            <t t-esc="line.get_product().display_name"/>
          </h3>
          <p>
            <span>
              <t t-esc="line.get_quantity_str()" />
            </span> x <span>
              <t t-esc="widget.format_currency(line.get_unit_display_price(),'Product Price')" />
            </span>
            <t t-if="!line.get_unit().is_unit">
              / <t t-esc="line.get_unit().name" />
            </t>
            <t t-if="line.get_discount_str() !== '0'">
              <p>With a
                <span>
                  <t t-esc="line.get_discount_str()" />%
                </span> 
                discount
              </p>
            </t>
            <t t-if="line.get_note()">
                <li class="info orderline-note">
                    <i class='fa fa-tag'/><t t-esc="line.get_note()" />
                </li>
            </t>
          </p>
        </div>
        <div class="b-bill_right">
          <p>
            <t t-esc="widget.format_currency(line.get_display_price())"/>
          </p>
        </div>
        <div class="clearfix"></div>
      </div>
    </t>
  </t>

  <t t-name="CategorySimpleButton">
    <option t-att-value="category.id">
      <t t-esc="category.name"/>
    </option>
  </t>

  <t t-extend="ProductCategoriesWidget">
    <t t-jquery=".rightpane-header" t-operation="replace">
      <div class="fix-hidden">
        <div class="searchbox">
          <input placeholder="Search Products" />
          <span class="search-clear"></span>
        </div>
      </div>
    </t>
    <t t-jquery=".categories" t-operation="replace">
      <div class="select-fix"></div>
      <div class="b-select_menu">
        <select class="form-control category-list" disabled="disabled">
        </select>
      </div>
    </t>
  </t>

  <t t-extend="ProductListWidget">
    <t t-jquery=".product-list-container" t-operation="replace">
      <div class="container">
        <div class="product-list fix-hidden"></div>
        <ul class="cd-accordion-menu animated">
          <t t-foreach="widget.categories" t-as="category">
            <li class="has-children">
              <input type="checkbox" checked="true" t-attf-id="group-#{category.id}"/>
              <label class="has-children_label_first" t-attf-for="group-#{category.id}">
                <t t-esc="category.name"/>
              </label>
              <ul t-att-data-category-id="category.id"> 

              </ul>
            </li>
          </t>
          <li class="has-children">
            <input type="checkbox" checked="true" t-attf-id="group-other"/>
            <label class="has-children_label_first" t-attf-for="group-other">
              Other
            </label>
            <ul data-category-id="other"> 

            </ul>
          </li>
        </ul>
      </div>
    </t>
  </t>

  <t t-extend="Product">
    <t t-jquery=".product" t-operation="replace">
      <li t-att-data-product-id="product.id">
        <a>
          <span class="menu-left">
            <t t-esc="product.display_name"/>
          </span>
          <span class="menu-right">
            <span class="menu-price">
              <t t-if="!product.to_weight">
                <t t-esc="widget.format_currency(product.price,'Product Price')"/>
              </t>
              <t t-if="product.to_weight">
                <t t-esc="widget.format_currency(product.price,'Product Price')+'/'+widget.pos.units_by_id[product.uom_id[0]].name"/>
              </t>
            </span>
            <span class="menu-added">
              <span class="glyphicon glyphicon-ok" aria-hidden="true"></span> <b class="amount"></b>
            </span>
            <span class="menu-quantity">
              <input type="number"></input>
              <span class="glyphicon glyphicon-remove" aria-hidden="true"></span> 
            </span>
          </span>
        </a>
      </li>
    </t>
  </t>

  <t t-extend="ActionpadWidget">
    <t t-jquery=".actionpad" t-operation="replace">
      <div class="actionpad">
        <button t-attf-class='button set-customer' >
          <i class='fa fa-user' /> 
          Customer
        </button>
        <button class='button pay'>
          <div class='pay-circle'>
            <i class='fa fa-chevron-right' /> 
          </div>
          Payment
        </button>
      </div>
    </t>
  </t>

  <t t-extend="PaymentScreenWidget">
    <t t-jquery=".left-content" t-operation="replace"/>
    <t t-jquery=".right-content" t-operation="replace"/>
    <t t-jquery=".top-content" t-operation="after">
      <div class="main-content">
        <section class='paymentlines-container'></section>
      </div>

      <div class="full-content touch-scrollable scrollable-y">
        <section class='payment-numpad'>
        </section>

        <div class='paymentmethods-container'></div>

        <div class='payment-buttons'>
          <div class='button js_set_customer'>
            <i class='fa fa-user' /> 
            <span class='js_customer_name'> 
              <t t-if="widget.pos.get_client()">
                <t t-esc="widget.pos.get_client().name" />
              </t>
              <t t-if="!widget.pos.get_client()">
                Customer
              </t>
            </span>
          </div>
        </div>

      </div>
    </t>
  </t>

  <t t-extend="PaymentScreen-Numpad">
    <t t-jquery=".numpad-backspace" t-operation="inner">
      <img style="pointer-events: none;" src="/pos_mobile/static/src/img/backspace.png" width="24" height="21" />
    </t>
  </t>

  <t t-extend="RKSVButton">
    <t t-jquery=".control-button" t-operation="inner" >
      <i class='fa fa-certificate' />
    </t>
  </t>

  <t t-extend="ReprintButton">
    <t t-jquery=".control-button" t-operation="inner" >
      <i class="fa fa-retweet" />
    </t>
  </t>

</templates>
