<?xml version="1.0" encoding="UTF-8"?>
<templates id="template" xml:space="preserve">

    <t t-extend="Product">
        <t t-jquery="div.product-name" t-operation="replace">
            <div class="product-name">
                <span><t t-esc="product.display_name_template"/></span>
            </div>
        </t>
    </t>

    <t t-extend="SelectionPopupWidget">
        <t t-jquery=".selection-item" t-operation="append">
            <t t-if="item.right_label">
                <span class="right_label" t-att-data-item-index='item_index'><t t-esc='widget.format_currency(item.right_label,"Product Price")' /></span>
            </t>
        </t>
    </t>


</templates>
