<?xml version="1.0" encoding="UTF-8"?>
<templates id="template" xml:space="preserve">

    <t t-extend="PaymentScreen-Paymentmethods">
        <t t-jquery="div.paymentmethods" t-operation="replace">
            <div class='paymentmethods'>
                <t t-foreach="widget.pos.cashregisters" t-as="cashregister">
                    <t t-if="widget.pos.get_order() &amp;&amp; (widget.pos.get_order().get_total_with_tax() > 0 || cashregister.journal.allow_refund !== 'disable')">
                        <div class="button paymentmethod" t-att-data-id="cashregister.journal_id[0]">
                            <t t-esc="cashregister.journal_id[1]" />
                        </div>
                    </t>
                </t>
            </div>
        </t>
    </t>

    <t t-extend="PosTicket">
        <t t-jquery="table.receipt-change" t-operation="inner">
            <tr>
                <t t-if='!order.refund'>
                    <td>Change:</td>
                </t>
                <t t-if='order.refund'>
                    <td>Refund:</td>
                </t>
                <td class="pos-right-align">
                    <t t-esc="widget.format_currency(order.get_change())"/>
                </td>
            </tr>
        </t>
    </t>

    <t t-extend="XmlReceipt">
        <t t-jquery="t[t-if='order.get_change() > 0']" t-operation="inner">
            <line size='double-height'>
                <t t-if='!order.refund'>
                    <left><pre>CHANGE</pre></left>
                </t>
                <t t-if='order.refund'>
                    <left><pre>REFUND</pre></left>
                </t>
                <right><value t-att-value-decimals='pos.currency.decimals'><t t-esc='receipt.change' /></value></right>
            </line>
            <br/>
        </t>
    </t>

</templates>
