<?xml version="1.0" encoding="UTF-8"?>
<templates id="template" xml:space="preserve">

    <t t-name="SalesOverviewScreen" extends="ReceiptScreenWidget">

        <div class="sales-overview-screen screen">
            <div class="screen-content">

                 <div class="top-content">

                    <span class='button back'>
                        <i class='fa fa-angle-double-left'></i>
                        Back
                    </span>

                    <div class="filter-bar">
                        <div class="radio-bar">
                            <select name="mode">
                                <option value="session" selected="selected">Current Session</option>
                                <option value="time-range">Date Range</option>
                            </select>
                        </div>

                        <span class='textinputbox'>
                            <input type="text" id="date-from" data-inline="true" data-role="date" placeholder="From date"/>
                        </span>

                        <span class='textinputbox'>
                            <input type="text" id="date-to" data-inline="true" data-role="date" placeholder="To date"/>
                        </span>
                    </div>

                     <div class="button-panel">
                        <span class='button overview-day'>
                            <i class='fa fa-calendar'></i>
                            Today
                        </span>
                         <span class='button overview-week'>
                            <i class='fa fa-calendar'></i>
                            This Week
                        </span>
                    </div>

                     <div class="checkbox-products">
                         <label><input type="checkbox" id="show-products" checked="checked"/>Show products</label>
                     </div>

                 </div>

                <div class='centered-content'>

                    <div class="button print">
                            <i class='fa fa-print'></i> Print Overview
                    </div>

                    <div class="pos-receipt-container">

                    </div>

                </div>
            </div>
        </div>
    </t>

    <t t-extend="SalesOverviewScreen">
        <t t-jquery=".sales-overview-screen .centered-content">
            $(this).addClass('touch-scrollable');        
        </t>
    </t>
   <t t-name="EmptyPrint">
        
   </t>

   <t t-name="SalesSummaryError">
       <div style="font-size:18px;">Time is out. Either you do not have an active internet connection or the server took too long to respond.</div>
   </t>


    <!-- ################################################################################ #
    #  Screen Output START                                                                #
    # ################################################################################# -->
    <t t-name="SalesSummaryScreen">
      <t t-if="widget.order_cnt > 0">
        <div class="sales-overview-ticket touch-scrollable scrollable-y">
            <div style="text-align:center">
                <h2>Sales Overview
                    <br/><br/>
                    <t t-if='company.name and (company.name instanceof Array)'>
                       <t t-set="i" t-value="0"/>
                       <t t-foreach="company.name" t-as="line">
                          <t t-if="i !== 0"><br/></t>
                          <t t-esc='line' />
                          <t t-set="i" t-value="i+1"/>
                        </t>
                    </t>
                </h2>

                <t t-if="company.address_str">
                    <t t-foreach="company.address_str" t-as="line">
                        <div size='double' bold='on'>
                            <t t-esc='line' />
                        </div>
                    </t>
                </t>
                <t t-if="company.phone">
                    <div>Tel:<t t-esc="company.phone"/>
                    </div>
                </t>

                <t t-if="company.email">
                    <div>
                        <t t-esc="company.email"/>
                    </div>
                </t>
                <t t-if="company.website">
                    <div>
                        <t t-esc="company.website"/>
                    </div>
                </t>

            </div>

            <div class="sep-pos-ticket"></div>

            <table class='receipt-orderlines'>
                <colgroup>
                    <col width='75%' />
                    <col width='25%' />
                </colgroup>

                <t t-if="widget.mode">
                    <tr class="sales-overview-center-align">
                        <td colspan="2">
                             <t t-if="widget.mode == 'session'">
                                 Session: <t t-esc="pos.pos_session.name"/><br />
                             </t>
                            Date: <t t-esc='timestamp' /><br />
                            POS: <t t-esc="pos.config.name"/>/<t t-esc='pos.config.id' /><br />
                             <t t-if="widget.mode == 'time-range'">
                                 from <t t-esc="widget.date_from"/> to <t t-esc="widget.date_to"/>
                             </t>
                        </td>
                    </tr>
                </t>

                <t t-if="widget.sales_orders and widget.sales_orders.length > 0">

                    <tr>
                        <td colspan="2" class="title">Products:</td>
                    </tr>

                    <tr><td colspan="2" class="line-sep"></td></tr>

                    <tr> <td colspan="2" style="text-align: center;border-top: 1pt dashed #000;"></td></tr>

                    <t t-foreach='widget.sales_orders' t-as='order'>
                        <tr>
                            <td>
                                <t t-esc='order.quantity_with_unit' />
                                <t t-esc='order.name' />
                                <t t-if="order.variant_name">(<t t-esc='order.variant_name' />)</t>
                            </td>
                            <td class="pos-align-right-top">
                                <t t-esc='widget.format_currency(order.subtotal_incl)'/>
                            </td>
                        </tr>
                   </t>
                        <tr>
                            <td>Total products:</td>
                            <td class="pos-align-right-top">
                                <t t-esc='widget.product_count'/>
                            </td>
                        </tr>
                </t>

                <t t-if="widget.sales_taxes and widget.sales_taxes.length > 0">

                    <tr>
                        <td colspan="2" class="title">Taxes:</td>
                    </tr>

                    <tr><td colspan="2" class="line-sep"></td></tr>

                    <tr> <td colspan="2" style="text-align: center;border-top: 1pt dashed #000;"></td></tr>

                    <t t-foreach="widget.sales_taxes" t-as="tax">
                        <tr>
                            <td>
                                <t t-esc="tax.description" />
                            </td>

                            <td class="pos-right-align">
                                <t t-if="tax and tax.sum">
                                    <t t-esc="widget.format_currency(tax.sum)" />
                                </t>
                            </td>
                        </tr>
                    </t>
                </t>

                <t t-if="widget.refunds and widget.refunds.length > 0">

                    <tr>
                        <td colspan="2" class="title">Refunds:</td>
                    </tr>

                    <tr><td colspan="2" class="line-sep"></td></tr>

                    <tr> <td colspan="2" style="text-align: center;border-top: 1pt dashed #000;"></td></tr>

                    <t t-foreach="widget.refunds" t-as="line">
                        <tr>
                            <td>
                                <t t-esc="line.description" />
                            </td>

                            <td class="pos-right-align">
                                <t t-if="line.sum">
                                    <t t-esc="widget.format_currency(line.sum)" />
                                </t>
                            </td>
                        </tr>
                    </t>
                        <tr>
                            <td>Returned products:</td>
                            <td class="pos-right-align">
                                <t t-esc='widget.returned_product_count * -1' />
                            </td>
                        </tr>
                </t>

                <t t-if="widget.sales_journal and widget.sales_journal.length > 0">

                    <tr><td colspan="2" class="line-sep"></td></tr>

                    <tr>
                        <td colspan="2" class="title">Journals:</td>
                    </tr>

                    <tr> <td colspan="2" style="text-align: center;border-top: 1pt dashed #000;"></td></tr>

                    <t t-foreach="widget.sales_journal" t-as="journal">

                        <tr>
                            <td t-if="journal.journal_pos_name">
                                <t t-esc="journal.journal_pos_name" /> Incoming
                            </td>

                            <td t-if="!journal.journal_pos_name">
                                <t t-esc="journal.journal_name" /> Incoming
                            </td>

                            <td class="pos-right-align">
                               <t t-esc="widget.format_currency(journal.amount_in)" />
                            </td>
                        </tr>

                        <tr>
                            <td t-if="journal.journal_pos_name">
                                <t t-esc="journal.journal_pos_name" /> Outgoing
                            </td>

                            <td t-if="!journal.journal_pos_name">
                                <t t-esc="journal.journal_name" /> Outgoing
                            </td>

                            <td class="pos-right-align">
                               <t t-esc="widget.format_currency(journal.amount_out)" />
                            </td>
                        </tr>

                        <tr>
                            <td>

                            </td>

                            <td class="pos-right-align">
                               <t t-esc="widget.format_currency(journal.amount_total)" />
                            </td>
                        </tr>

                    </t>
                </t>

                <t t-if="widget.sales_cashbox and widget.sales_cashbox.length > 0">

                    <tr><td colspan="2" class="line-sep"></td></tr>
                    <tr>
                        <td colspan="2" class="title">Cash on Hand:</td>
                    </tr>
                    <tr> <td colspan="2" style="text-align: center;border-top: 1pt dashed #000;"></td></tr>
                    <t t-foreach="widget.sales_cashbox" t-as="cashbox">
                        <tr>
                            <td>
                                Opening
                            </td>

                            <td class="pos-right-align">
                               <t t-esc="widget.format_currency(cashbox.balance_start)" />
                            </td>
                        </tr>
                        <tr>
                            <td>
                                Deposit/Withdrawal
                            </td>

                            <td class="pos-right-align">
                               <t t-esc="widget.format_currency(cashbox.inout)" />
                            </td>
                        </tr>

                        <tr>
                            <td>
                                Closing
                            </td>

                            <td class="pos-right-align">
                               <t t-esc="widget.format_currency(cashbox.balance_end)" />
                            </td>
                        </tr>
                    </t>
                </t>

               <t t-if="sales_users and sales_users.length > 0">

                   <tr>
                        <td colspan="2" class="title">Users:</td>
                    </tr>

                    <tr> <td colspan="2" style="text-align: center;border-top: 1pt dashed #000;"></td></tr>

                    <t t-foreach="sales_users" t-as="user">
                        <tr>
                            <td><t t-esc='user.login_name' /></td>

                            <td class="pos-right-align">
                                <value>
                                  <t t-esc='widget.format_currency(user.subtotal_incl)' />
                                </value>
                            </td>
                        </tr>
                    </t>
                </t>

            <t t-if="widget.sales_category and widget.sales_category.length > 0">
                   <tr> <td colspan="2" class="line-sep"></td></tr>

                   <tr>
                        <td colspan="2" class="title">Categories:</td>
                    </tr>

                    <tr> <td colspan="2" style="text-align: center;border-top: 1pt dashed #000;"></td></tr>

                    <t t-foreach="widget.sales_category" t-as="category">
                        <tr>
                            <td><t t-esc='category.name' /></td>

                            <td class="pos-right-align">
                                <value>
                                    <t t-esc='widget.format_currency(category.subtotal_incl)' />
                                 </value>
                            </td>
                        </tr>
                    </t>
                </t>

                <br/>

                <tr> <td colspan="2" class="line-sep title"></td></tr>

                <tr> <td colspan="2" style="text-align: center;border-top: 1pt dashed #000;"></td></tr>

                <t t-if="widget.sales_total">

                    <tr>
                        <td>Sales Summary Total</td>

                        <td class="pos-right-align">
                            <t t-if="widget.sales_total">
                                <value>
                                    <t t-esc='widget.format_currency(widget.sales_total)' />
                                </value>
                            </t>
                        </td>
                    </tr>
                </t>

                <tr>
                    <td colspan="2" class="double-line-sep"></td>
                </tr>

                <t t-if="widget.order_cnt">
                    <tr class="sales-overview-center-align">
                        <td colspan="2">Total Orders: <t t-esc='widget.order_cnt' /></td>
                    </tr>
                </t>


                <t t-if="widget.mode == 'session' and widget.max_sales_hour">
                   <tr class="sales-overview-center-align">
                        <td colspan="2">Max Sales Hour:
                            <value>
                                <t t-esc='widget.max_sales_hour' />
                            </value>
                        </td>
                    </tr>
                </t>

            </table>
            <br />
        </div>
      </t>
      <t t-else="">
          <div style="font-size:18px">No sales for selected period.</div>
      </t>
    </t>
 

     <!-- ################################################################################ #
    #  Screen Output END                                                                   #
    # ################################################################################## -->
    
     <!-- ################################################################################ #
    #  Printer output START                                                               #
    # ################################################################################# -->

    <t t-name="SalesSummaryPrint">
    
        <receipt align='center' t-att-width='bill_width' value-thousands-separator='' t-att-value-decimals-separator='decimal_point' >
             <div size='double' bold='on'>Sales Overview</div>
            <br/>

             <t t-if="company.name and (company.name instanceof Array)">
                <t t-foreach="company.name" t-as="line">
                    <div size='double' bold='on'><t t-esc='line' /></div>
                </t>
            </t>  
            
            <t t-if='!company.name and company.contact_address'>
                <div align='center' size='double' bold='on'>
                    <t t-esc='company.contact_address' />
                </div>
            </t>

            <br/>
            
            <t t-if='pos and company and company.street'>
                <div align='center'>
                   <t t-esc="company.street"/>, <t t-esc="company.zip"/> <t t-esc="company.city"/>
                </div>
            </t>
            
            <t t-if='company.phone'>
                <div align='center'>Tel:<t t-esc='company.phone' /></div>
            </t>
           
            <t t-if='company.email'>
                <div><t t-esc='company.email' /></div>
            </t>
            
            <t t-if='company.website'>
                <div><t t-esc='company.website' /></div>
            </t>
            
             <div><t t-esc="sep"/></div>


            <t t-if="widget.mode">
                 <t t-if="widget.mode == 'session'">
                     <div>Session: <t t-esc="pos.pos_session.name"/></div>
                 </t>
                <div>Date: <t t-esc='timestamp' /></div>
                <div>POS: <t t-esc="pos.config.name"></t></div>
                 <t t-if="widget.mode == 'time-range'">
                    <div>from <t t-esc="widget.date_from"/> to <t t-esc="widget.date_to"/></div>
                 </t>
            </t>

            <br/>


            <t t-if="widget.sales_orders and widget.sales_orders.length > 0">
                <line ratio="1"><left>Products:</left></line>
                <div><t t-esc="sep"/></div>
            
                <t t-foreach='widget.sales_orders' t-as='order'>
                    <line line-ratio='0.8'>
                        <left>
                            <t t-esc='order.quantity_with_unit' />
                            <t t-esc='order.name_wrapped[0]' />
                        </left>
                        <right>
                            <t t-esc='widget.format_currency(order.subtotal_incl)'/>
                        </right>
                    </line>
                  <t t-foreach="order.name_wrapped.slice(1)" t-as="wrapped_name">
                    <line>
                        <left>
                            <t t-esc="wrapped_name"/>
                        </left>
                    </line>
                  </t>
                </t>
                    <line line-ratio='0.8'>
                        <left>Total products:</left>
                        <right><t t-esc='widget.product_count'/></right>
                    </line>
            </t>

            <br/>
            <t t-if="widget.sales_taxes and widget.sales_taxes.length > 0">
                <line ratio="1"><left>Taxes:</left></line>
                <div><t t-esc="sep"/></div>
                <t t-foreach="widget.sales_taxes" t-as="tax">
                    <line>
                        <left><t t-esc="tax.description" /></left>
                        <right><t t-esc="widget.format_currency(tax.sum)" /></right>
                    </line>
                </t>
            </t>
            
            <br/>
  
            <t t-if="widget.refunds and widget.refunds.length > 0">
                <line ratio="1"><left>Refunds:</left></line>
                <div><t t-esc="sep"/></div>
                <t t-foreach="widget.refunds" t-as="line">
                    <line>
                        <left><t t-esc="line.description" /></left>
                        <right><t t-esc="widget.format_currency(line.sum)" /></right>
                    </line>
                </t>
                    <line>
                        <left>Returned products:</left>
                        <right><t t-esc="widget.returned_product_count * -1" /></right>
                    </line>
            <br/>

            </t>

             <t t-if="widget.sales_journal and widget.sales_journal.length > 0">
                <line ratio="1"><left>Journals:</left></line>
                 <div><t t-esc="sep"/></div>
                <t t-foreach="widget.sales_journal" t-as="journal">
                    <line>
                        <left><t t-esc="journal.journal_name" /> Incoming</left>
                        <right><t t-esc="widget.format_currency(journal.amount_in)" /></right>
                    </line>
                    <line>
                        <left><t t-esc="journal.journal_name" /> Outgoing</left>
                        <right><t t-esc="widget.format_currency(journal.amount_out)" /></right>
                    </line>
                    <line>
                        <left></left>
                        <right><t t-esc="widget.format_currency(journal.amount_total)" /></right>
                    </line>
                    <line></line>
                </t>
            </t>

             <t t-if="widget.sales_cashbox and widget.sales_cashbox.length>0">
                <line ratio="1"><left>Cash on Hand:</left></line>
                 <div><t t-esc="sep"/></div>
                <t t-foreach="widget.sales_cashbox" t-as="cashbox">
                    <line>
                        <left>Opening</left>
                        <right><t t-esc="widget.format_currency(cashbox.balance_start)" /></right>
                    </line>
                    <line>
                        <left>Deposit/Withdrawal</left>
                        <right><t t-esc="widget.format_currency(cashbox.inout)" /></right>
                    </line>

                    <line>
                        <left>Closing</left>
                        <right><t t-esc="widget.format_currency(cashbox.balance_end)" /></right>
                    </line>
                    <line></line>
                </t>
            </t>

            <t t-if="widget.sales_users and widget.sales_users.length>0">
                <line ratio="1"><left>Users:</left></line>
                <div><t t-esc="sep"/></div>
                <t t-foreach="widget.sales_users" t-as="user">
                    <line>
                        <left><t t-esc='user.login_name' /></left>
                        <right><t t-esc='widget.format_currency(user.subtotal_incl)' /></right>
                    </line>
                </t>
            </t>
             
            <br/>
            
             
            <t t-if="widget.sales_category and widget.sales_category.length>0">
                <line ratio="1"><left>Categories:</left></line>
                <div><t t-esc="sep"/></div>
                <t t-foreach="widget.sales_category" t-as="entry">
                    <line>
                        <left><t t-esc='entry.name' /></left>
                        <right><t t-esc='widget.format_currency(entry.subtotal_incl)' /></right>
                    </line>
                </t>
            </t>
             
            <br/>
             
           
            <div><t t-esc="sep"/></div>
         
            <t t-if="widget.sales_total">
                 <line size="double-height">
                    <left>Sales Summary Total</left>
                    <right><t t-esc='widget.format_currency(widget.sales_total)' /></right>
                </line>
                <br/>
                <br/>
            </t>
            
            <t t-if="widget.order_cnt">
                <div>Total Orders: <t t-esc='widget.order_cnt' /></div>
            </t>
    
            <t t-if="widget.mode == 'session' and widget.max_sales_hour">
                <div>Max Sales Hour: <t t-esc='widget.max_sales_hour' /></div>
            </t>

        </receipt>
    </t>
    <!-- ################################################################################ #
    #  Printer output  END                                                                #
    # ################################################################################# -->
    <t t-name="SalesOverviewButton">
        <div class='control-button js_sales_overview'>
            <i class='fa fa-file-text-o' /> Sales Overview
        </div>
    </t>

    <t t-name="OrderListButton">
        <div class='control-button show-orderlist'>
            <i class='fa fa-list-ul' /> Order List
        </div>
    </t>

    <!-- ################################################################################ #
    #  Order List                                                                       #
    # ################################################################################# -->
    <t t-name="OrderLine">
        <tr class='order-line'>
            <td><t t-esc='order.name' /></td>
            <td><t t-esc="moment(order.formatted_date).add(1, 'hours').format('DD/MM/YYYY HH:mm')" /></td>
            <td class="pos-right-align"><t t-esc='widget.format_currency(order.amount_total)' /></td>
            <td class="action">
                <span class='button highlight print' t-att-data-id='order.uid'>
                    <i class='fa fa-print'/>
                    Print
                </span>
                <span t-if="widget.pos.config.iface_enhanced_receipt" class='button print_enhanced' t-att-data-id='order.uid'>
                    <i class='fa fa-list'/>
                </span>
                <span class='button refund' t-if="order.amount_total > 0" t-att-data-id='order.uid'>
                    <i class='fa fa-times-circle-o'/>
                    Refund
                </span>
            </td>
        </tr>
    </t>

    <t t-name="OrderListScreenWidget">
        <div class="orderlist-screen screen">
            <div class="screen-content">
                <section class="top-content">
                    <span class='button back'>
                        <i class='fa fa-angle-double-left'></i>
                        Back
                    </span>
                    <span class='searchbox next'>
                        <input placeholder='Search' />
                        <span class='search-clear'></span>
                    </span>
                    <h1>Orders</h1>
                </section>
                <section class="full-content">
                    <div class='window'>
                        <section class='subwindow'>
                            <div class='subwindow-container'>
                                <div class='subwindow-container-fix touch-scrollable scrollable-y'>
                                    <table class='order-list'>
                                        <thead>
                                            <tr>
                                                <th>Pos Reference</th>
                                                <th>Date</th>
                                                <th class="pos-right-align">Sum</th>
                                                <th class="pos-right-align"></th>
                                            </tr>
                                        </thead>
                                        <tbody class='order-list-content'>
                                        </tbody>
                                    </table>
                                </div>
                            </div>
                        </section>
                    </div>
                </section>
            </div>
        </div>
    </t>

    <t t-name="ReprintReceiptScreenWidget">
        <div class='receipt-screen screen'>
            <div class='screen-content'>
                <div class='top-content'>
                    <span class='button back'>
                        <i class='fa fa-angle-double-left'/>
                        Back
                    </span>
                    <h1></h1>
                </div>
                <div class="centered-content touch-scrollable">
                    <div class="button print">
                        <i class='fa fa-print'/>
                        Print Receipt
                    </div>
                    <div class="pos-receipt-container">
                    </div>
                </div>
            </div>
        </div>
    </t>

</templates>
